TimeCreatedUtc,EventID,TargetUserName,LogonType,IpAddress,WorkstationName
2026-03-09T05:24:00Z,4624,SYSTEM,5,-,WS-FIN-07
2026-03-09T10:14:00Z,4624,SYSTEM,5,-,WS-FIN-07
2026-03-09T13:03:23Z,4624,acct.clerk01,7,-,WS-FIN-07
2026-03-09T13:13:07Z,4624,acct.clerk01,11,-,WS-FIN-07
2026-03-09T13:51:21Z,4624,acct.clerk01,7,-,WS-FIN-07
2026-03-09T14:20:23Z,4624,acct.clerk01,2,-,WS-FIN-07
2026-03-09T14:29:00Z,4625,acct.clerk01,2,-,WS-FIN-07
2026-03-09T15:08:51Z,4624,acct.clerk01,7,-,WS-FIN-07
2026-03-09T15:47:41Z,4624,acct.clerk01,2,-,WS-FIN-07
2026-03-09T16:20:19Z,4624,acct.clerk01,11,-,WS-FIN-07
2026-03-09T16:49:36Z,4624,acct.lead02,2,-,WS-FIN-07
2026-03-09T17:04:59Z,4624,acct.clerk01,2,-,WS-FIN-07
2026-03-09T17:36:39Z,4624,acct.clerk01,11,-,WS-FIN-07
2026-03-09T17:48:37Z,4624,acct.clerk01,7,-,WS-FIN-07
2026-03-09T18:34:14Z,4624,acct.lead02,7,-,WS-FIN-07
2026-03-09T19:09:22Z,4624,acct.lead02,2,-,WS-FIN-07
2026-03-09T19:50:54Z,4624,acct.clerk01,2,-,WS-FIN-07
2026-03-09T21:20:56Z,4624,acct.clerk01,11,-,WS-FIN-07
2026-03-09T21:39:22Z,4624,acct.clerk01,2,-,WS-FIN-07
2026-03-09T21:49:17Z,4624,acct.clerk01,2,-,WS-FIN-07
2026-03-10T06:42:00Z,4624,SYSTEM,5,-,WS-FIN-07
2026-03-10T14:31:10Z,4624,acct.clerk01,11,-,WS-FIN-07
2026-03-10T15:00:07Z,4624,acct.clerk01,7,-,WS-FIN-07
2026-03-10T15:08:10Z,4624,acct.lead02,7,-,WS-FIN-07
2026-03-10T15:23:26Z,4624,acct.clerk01,7,-,WS-FIN-07
2026-03-10T15:44:47Z,4624,acct.clerk01,2,-,WS-FIN-07
2026-03-10T16:08:00Z,4625,acct.clerk01,2,-,WS-FIN-07
2026-03-10T16:21:17Z,4624,acct.clerk01,2,-,WS-FIN-07
2026-03-10T16:36:00Z,4624,SYSTEM,5,-,WS-FIN-07
2026-03-10T16:55:35Z,4624,acct.clerk01,11,-,WS-FIN-07
2026-03-10T17:04:04Z,4624,acct.clerk01,7,-,WS-FIN-07
2026-03-10T17:25:00Z,4624,acct.lead02,2,-,WS-FIN-07
2026-03-10T19:19:06Z,4624,acct.lead02,2,-,WS-FIN-07
2026-03-10T19:41:08Z,4624,acct.clerk01,11,-,WS-FIN-07
2026-03-10T20:06:33Z,4624,acct.clerk01,7,-,WS-FIN-07
2026-03-10T20:48:43Z,4624,acct.clerk01,11,-,WS-FIN-07
2026-03-11T12:35:00Z,4624,SYSTEM,5,-,WS-FIN-07
2026-03-11T13:08:15Z,4624,acct.lead02,7,-,WS-FIN-07
2026-03-11T13:16:22Z,4624,acct.clerk01,11,-,WS-FIN-07
2026-03-11T13:17:29Z,4624,acct.lead02,11,-,WS-FIN-07
2026-03-11T13:18:42Z,4624,acct.clerk01,7,-,WS-FIN-07
2026-03-11T14:25:44Z,4624,acct.lead02,11,-,WS-FIN-07
2026-03-11T14:50:25Z,4624,acct.clerk01,2,-,WS-FIN-07
2026-03-11T15:27:00Z,4625,acct.clerk01,2,-,WS-FIN-07
2026-03-11T15:43:00Z,4624,SYSTEM,5,-,WS-FIN-07
2026-03-11T16:33:55Z,4624,acct.clerk01,7,-,WS-FIN-07
2026-03-11T16:39:08Z,4624,acct.clerk01,7,-,WS-FIN-07
2026-03-11T16:48:16Z,4624,acct.clerk01,7,-,WS-FIN-07
2026-03-11T17:00:12Z,4624,acct.clerk01,11,-,WS-FIN-07
2026-03-11T17:35:19Z,4624,acct.clerk01,7,-,WS-FIN-07
2026-03-11T17:55:17Z,4624,acct.lead02,11,-,WS-FIN-07
2026-03-11T18:41:35Z,4624,acct.clerk01,11,-,WS-FIN-07
2026-03-11T19:08:40Z,4624,acct.clerk01,7,-,WS-FIN-07
2026-03-11T19:09:22Z,4624,acct.lead02,7,-,WS-FIN-07
2026-03-11T19:10:57Z,4624,acct.clerk01,7,-,WS-FIN-07
2026-03-11T19:21:53Z,4624,acct.clerk01,7,-,WS-FIN-07
2026-03-11T19:25:43Z,4624,acct.lead02,11,-,WS-FIN-07
2026-03-11T20:59:45Z,4624,acct.clerk01,11,-,WS-FIN-07
2026-03-12T05:04:00Z,4624,SYSTEM,5,-,WS-FIN-07
2026-03-12T06:39:00Z,4624,SYSTEM,5,-,WS-FIN-07
2026-03-12T14:13:21Z,4624,acct.clerk01,2,-,WS-FIN-07
2026-03-12T14:25:26Z,4624,acct.clerk01,2,-,WS-FIN-07
2026-03-12T14:55:50Z,4624,acct.clerk01,11,-,WS-FIN-07
2026-03-12T15:01:16Z,4624,acct.clerk01,11,-,WS-FIN-07
2026-03-12T15:11:04Z,4624,acct.clerk01,7,-,WS-FIN-07
2026-03-12T15:27:43Z,4624,acct.lead02,7,-,WS-FIN-07
2026-03-12T16:57:07Z,4624,acct.lead02,2,-,WS-FIN-07
2026-03-12T18:12:40Z,4624,acct.clerk01,7,-,WS-FIN-07
2026-03-12T18:28:34Z,4624,acct.clerk01,11,-,WS-FIN-07
2026-03-12T18:33:25Z,4624,acct.clerk01,11,-,WS-FIN-07
2026-03-12T18:43:05Z,4624,acct.lead02,2,-,WS-FIN-07
2026-03-12T19:39:27Z,4624,acct.clerk01,11,-,WS-FIN-07
2026-03-12T19:44:51Z,4624,acct.clerk01,7,-,WS-FIN-07
2026-03-12T19:46:00Z,4625,acct.clerk01,2,-,WS-FIN-07
2026-03-12T20:20:51Z,4624,acct.clerk01,7,-,WS-FIN-07
2026-03-12T21:01:20Z,4624,acct.lead02,2,-,WS-FIN-07
2026-03-13T13:17:00Z,4624,SYSTEM,5,-,WS-FIN-07
2026-03-13T13:27:56Z,4624,acct.clerk01,11,-,WS-FIN-07
2026-03-13T15:24:20Z,4624,acct.clerk01,2,-,WS-FIN-07
2026-03-13T16:25:00Z,4624,SYSTEM,5,-,WS-FIN-07
2026-03-13T17:04:28Z,4624,acct.clerk01,7,-,WS-FIN-07
2026-03-13T17:13:10Z,4624,acct.clerk01,7,-,WS-FIN-07
2026-03-13T17:45:27Z,4624,acct.clerk01,2,-,WS-FIN-07
2026-03-13T18:45:06Z,4624,acct.clerk01,2,-,WS-FIN-07
2026-03-13T19:13:05Z,4624,acct.clerk01,2,-,WS-FIN-07
2026-03-13T19:28:00Z,4625,acct.clerk01,2,-,WS-FIN-07
2026-03-13T19:31:08Z,4624,acct.lead02,2,-,WS-FIN-07
2026-03-13T19:34:17Z,4624,acct.clerk01,7,-,WS-FIN-07
2026-03-13T20:17:59Z,4624,acct.clerk01,11,-,WS-FIN-07
2026-03-13T20:32:28Z,4624,acct.clerk01,7,-,WS-FIN-07
2026-03-13T21:37:18Z,4624,acct.clerk01,11,-,WS-FIN-07
2026-03-13T21:48:40Z,4624,acct.lead02,11,-,WS-FIN-07
2026-03-13T21:50:09Z,4624,acct.lead02,2,-,WS-FIN-07
2026-03-13T21:59:56Z,4624,acct.clerk01,11,-,WS-FIN-07
2026-03-14T02:10:00Z,4625,administrator,3,10.10.20.5,-
2026-03-14T02:10:17Z,4625,administrator,3,10.10.20.5,-
2026-03-14T02:10:34Z,4625,svc_backup,3,10.10.20.5,-
2026-03-14T02:10:51Z,4625,administrator,3,10.10.20.5,-
2026-03-14T02:11:08Z,4625,acct.clerk01,3,10.10.20.5,-
2026-03-14T02:11:25Z,4625,acct.clerk01,3,10.10.20.5,-
2026-03-14T02:11:42Z,4625,administrator,3,10.10.20.5,-
2026-03-14T02:11:59Z,4625,acct.clerk01,3,10.10.20.5,-
2026-03-14T02:12:16Z,4625,acct.clerk01,3,10.10.20.5,-
2026-03-14T02:12:33Z,4625,administrator,3,10.10.20.5,-
2026-03-14T02:12:50Z,4625,svc_backup,3,10.10.20.5,-
2026-03-14T02:13:07Z,4625,acct.clerk01,3,10.10.20.5,-
2026-03-14T02:13:24Z,4625,administrator,3,10.10.20.5,-
2026-03-14T02:13:41Z,4625,acct.clerk01,3,10.10.20.5,-
2026-03-14T02:13:58Z,4625,administrator,3,10.10.20.5,-
2026-03-14T02:14:15Z,4625,administrator,3,10.10.20.5,-
2026-03-14T02:14:32Z,4625,administrator,3,10.10.20.5,-
2026-03-14T02:14:49Z,4625,administrator,3,10.10.20.5,-
2026-03-14T02:15:06Z,4625,svc_backup,3,10.10.20.5,-
2026-03-14T02:15:23Z,4625,administrator,3,10.10.20.5,-
2026-03-14T02:15:40Z,4625,administrator,3,10.10.20.5,-
2026-03-14T02:15:57Z,4625,administrator,3,10.10.20.5,-
2026-03-14T02:16:14Z,4625,administrator,3,10.10.20.5,-
2026-03-14T03:27:41Z,4624,svc_backup,3,10.10.30.17,-
2026-03-14T03:27:41Z,4672,svc_backup,,,
2026-03-14T06:43:00Z,4624,SYSTEM,5,-,WS-FIN-07
2026-03-14T12:50:00Z,4624,SYSTEM,5,-,WS-FIN-07
